{"cameraMode":{"drawMode":0,"name":"Shaded","section":"Shading Mode"},"sceneLighting":true,"audioPlay":false,"sceneViewState":{"showFog":true,"showMaterialUpdate":false,"showSkybox":true,"showFlares":true,"showImageEffects":true,"showParticleSystems":true},"in2DMode":false,"pivot":{"x":0.3568108081817627,"y":-0.1335674226284027,"z":-0.7288755774497986},"rotation":{"x":-0.0016234979266300798,"y":0.9956368803977966,"z":-0.09166684001684189,"w":-0.01762327179312706},"size":1.502046823501587,"orthographic":false}